,Predicted_labels,Validated_Labels
176,"the student's response can be broken down as follows:

1.  **positive/satisfied:** ""we had two days for drop-in counseling... this helped me learn about some resources for myself."" this is a clear expression of satisfaction with a specific service.
2.  **dissatisfaction/suggestions for improvement:** ""i have heard from other students that there can be long wait times to meet with counselors and they're more a short-term solution (e.g., referring students to other therapists)."" these are specific criticisms and suggestions for enhancement, even if based on others' experiences.
3.  **neutral/positive outlook:** ""there is a new telehealth counseling service which i don't know much about but it seems to address these problems."" while not direct satisfaction with a currently working service, this statement acknowledges a new service that is perceived as a positive step to address the previously mentioned issues. it balances the prior negative feedback.

when weighing these points:
*   there's a clear positive statement about drop-in counseling.
*   there are two distinct negative points/suggestions for improvement (wait times, short-term solutions).
*   there's a forward-looking, slightly positive statement about a new service that *seems* to address the problems, acting as a counterweight to the negative points.

considering the positive personal experience, the identified areas for improvement, and the acknowledgement of a potential solution, the overall sentiment is a mix of satisfaction and dissatisfaction/suggestions that are approximately evenly split. the positive outlook on the telehealth service prevents it from being predominantly dissatisfied.

therefore, the most appropriate category is mixed.

**output:** mixed",satisfied
312,"the student's response indicates they do not currently use the services due to a lack of awareness (""maybe if i heard more about it i would""). this directly addresses the ""what aspects need more attention?"" part of the question by identifying a need for better communication or promotion of services. this constitutes a suggestion for enhancement regarding the college's outreach efforts, implicitly expressing a form of dissatisfaction with the current level of awareness. since the entire response points to an area needing improvement and shows no satisfaction, it falls under the ""dissatisfied"" category.

**dissatisfied**",dissatisfied
